folder,class,image_id,download_url,original_url,license,author,title
apple,Apple,078821d86db99fc9,https://c4.staticflickr.com/8/7261/8154112499_6fa549b657_z.jpg,https://c2.staticflickr.com/8/7261/8154112499_cd0d5a31d0_o.jpg,https://creativecommons.org/licenses/by/2.0/,Matleena Laakso,Omenapuu Åkerö
apple,Apple,09a06df60e4bdd62,https://c8.staticflickr.com/8/7501/15280859413_007f60333c_z.jpg,https://farm3.staticflickr.com/7501/15280859413_206d246aea_o.jpg,https://creativecommons.org/licenses/by/2.0/,Senado Federal,Fotos produzidas pelo Senado
apple,Apple,105433f9d808d18e,https://c8.staticflickr.com/7/6010/5880502739_a4085c1917_z.jpg,https://c7.staticflickr.com/7/6010/5880502739_f266613b73_o.jpg,https://creativecommons.org/licenses/by/2.0/,nachans,0133
apple,Apple,22cf78f0eb8e7f25,https://c2.staticflickr.com/9/8380/8533651348_b93c9920da_z.jpg,https://farm6.staticflickr.com/8380/8533651348_22012a78b3_o.jpg,https://creativecommons.org/licenses/by/2.0/,jodelli,Winter break
apple,Apple,275f429194a6683a,https://c7.staticflickr.com/3/2386/2195708014_c5a2b96cb5_z.jpg,https://c3.staticflickr.com/3/2386/2195708014_5a7dc31161_o.jpg,https://creativecommons.org/licenses/by/2.0/,Christopher Paquette,Green Apples
apple,Apple,2fe4f21e409f0a56,https://c8.staticflickr.com/6/5164/5375520288_37c795017e_z.jpg,https://farm7.staticflickr.com/5164/5375520288_452b34c962_o.jpg,https://creativecommons.org/licenses/by/2.0/,Herman Frantzen,Hey Apple
backpack,Backpack,159c27c3fcf6e267,https://c5.staticflickr.com/8/7102/7154587237_dbd93d6819_z.jpg,https://farm8.staticflickr.com/7102/7154587237_bab66c3082_o.jpg,https://creativecommons.org/licenses/by/2.0/,j bizzie,luggage advice?! want a rollable carry on. Gravis Jetway looked best after quick research. I keep my gear in a separate padded bag.
backpack,Backpack,19a0aafe6ab92d0e,https://c4.staticflickr.com/5/4003/4450773081_6eee090bb0_z.jpg?zz=1,https://c7.staticflickr.com/5/4003/4450773081_f1866dc83a_o.jpg,https://creativecommons.org/licenses/by/2.0/,Richard Child,Carradice Super C saddle bag + SQR mount - SOLD
backpack,Backpack,1c6cef0118791af9,https://c2.staticflickr.com/9/8364/8332893057_42764acd27_z.jpg,https://c2.staticflickr.com/9/8364/8332893057_6eedaecdfd_o.jpg,https://creativecommons.org/licenses/by/2.0/,Luis Pérez,"Chocó, mañana les caigo!"
backpack,Backpack,2ab108bbaa221cd7,https://c4.staticflickr.com/9/8660/16095014865_64f19823a1_z.jpg,https://farm8.staticflickr.com/8660/16095014865_154d7aa8af_o.jpg,https://creativecommons.org/licenses/by/2.0/,Khairil Yusof,Chrome Mini Metro Night Organizer Pouches
backpack,Backpack,2edc0212721c4f22,https://c3.staticflickr.com/4/3790/9400639906_a38d25e121_z.jpg,https://farm3.staticflickr.com/3790/9400639906_58d2ab747d_o.jpg,https://creativecommons.org/licenses/by/2.0/,Karl Baron,New backpack
banana,Banana,27d4b3f273ee822d,https://c8.staticflickr.com/5/4133/5208339950_978488a9be_z.jpg,https://c6.staticflickr.com/5/4133/5208339950_ff93504360_o.jpg,https://creativecommons.org/licenses/by/2.0/,whologwhy,BA-NA-NA
banana,Banana,356b1b9ddd7e3b22,https://c5.staticflickr.com/6/5247/5242022634_c39c5ff2e6_z.jpg,https://farm3.staticflickr.com/5247/5242022634_32edf94fda_o.jpg,https://creativecommons.org/licenses/by/2.0/,Brendan C,Equally Nutritious #ds387
banana,Banana,3b86a77cb70f180d,https://c7.staticflickr.com/5/4139/4754860454_bfb2d8bebf_z.jpg,https://c6.staticflickr.com/5/4139/4754860454_800e882d8d_o.jpg,https://creativecommons.org/licenses/by/2.0/,Cecilia Coelho,yellow
banana,Banana,53737b934851332b,https://c4.staticflickr.com/1/139/350453017_8452a9c167_z.jpg,https://c4.staticflickr.com/1/139/350453017_8452a9c167_o.jpg,https://creativecommons.org/licenses/by/2.0/,Clyde Robinson,The Ying and  Yang of Bananas (#8)
banana,Banana,5c2648a41a9e8de2,https://c6.staticflickr.com/1/28/60874376_ff197c75e6_z.jpg?zz=1,https://farm3.staticflickr.com/28/60874376_ff197c75e6_o.jpg,https://creativecommons.org/licenses/by/2.0/,okiraku-gokuraku kissh,焼き餃子
banana,Banana,5ce4d7ca15f2bb3a,https://c7.staticflickr.com/4/3545/3814631339_ea9e65e1fd_z.jpg?zz=1,https://c3.staticflickr.com/4/3545/3814631339_0ef311300b_o.jpg,https://creativecommons.org/licenses/by/2.0/,Patrick Feller,"Produce Market, Airline Dr., Houston, Texas 0811091716"
banana,Banana,74a44994e3d6b962,https://c7.staticflickr.com/8/7242/7206585280_0fb61af799_z.jpg,https://farm3.staticflickr.com/7242/7206585280_2bb38d9e8d_o.jpg,https://creativecommons.org/licenses/by/2.0/,tomatoes and friends,Vegan Lemon Cornmeal Pancakes
banana,Banana,89ac39a9dc0d169c,https://c2.staticflickr.com/3/2554/4130972679_c7c347959e_z.jpg,https://c5.staticflickr.com/3/2554/4130972679_fb84fc9a38_o.jpg,https://creativecommons.org/licenses/by/2.0/,Jon Åslund,Frukt och Grönt (och andra färger) i Östermalmshallen
bed,Bed,010374db88064834,https://c3.staticflickr.com/1/135/339175169_5093b63080_z.jpg?zz=1,https://farm5.staticflickr.com/135/339175169_5093b63080_o.jpg,https://creativecommons.org/licenses/by/2.0/,Bill Seitz,Highest position; skimpy mattress.
bed,Bed,03646bb2f288eaae,https://c1.staticflickr.com/4/3026/13073061203_f7d640a8b3_z.jpg,https://c7.staticflickr.com/4/3026/13073061203_6f38e17cff_o.jpg,https://creativecommons.org/licenses/by/2.0/,Selina,Man's Best Friend.
bed,Bed,0651ced5fb5f7a21,https://c5.staticflickr.com/9/8414/8701308063_b415a2fa4a_z.jpg,https://farm2.staticflickr.com/8414/8701308063_b2f5907066_o.jpg,https://creativecommons.org/licenses/by/2.0/,jgagnon,Dinning area
bed,Bed,0fb3a760f909c8c9,https://c6.staticflickr.com/9/8499/8334479116_7e7a22b785_z.jpg,https://c2.staticflickr.com/9/8499/8334479116_0fc79eb476_o.jpg,https://creativecommons.org/licenses/by/2.0/,jennifer wu,First class compartment
bed,Bed,0ff0278bf29544e3,https://c2.staticflickr.com/9/8459/8022090426_47d1a1a6a7_z.jpg,https://farm4.staticflickr.com/8459/8022090426_c607a72875_o.jpg,https://creativecommons.org/licenses/by/2.0/,J E Theriot,me as a baby
bed,Bed,1229d5e203956ac6,https://c5.staticflickr.com/3/2257/2276798529_b7bb9f809e_z.jpg,https://farm7.staticflickr.com/2257/2276798529_d7ea3b3cf6_o.jpg,https://creativecommons.org/licenses/by/2.0/,Heather Cowper,Bedroom at Treyarnon Youth Hostel
bicycle,Bicycle,00575b9132bb3746,https://c3.staticflickr.com/6/5300/5402229494_570e48f7f9_z.jpg,https://farm7.staticflickr.com/5300/5402229494_e3db3bc448_o.jpg,https://creativecommons.org/licenses/by/2.0/,Ed Uthman,ACT_3289
bicycle,Bicycle,00e9084d1bc8e0ea,https://c4.staticflickr.com/6/5110/5599702283_8562638984_z.jpg,https://c3.staticflickr.com/6/5110/5599702283_f6e3939b39_o.jpg,https://creativecommons.org/licenses/by/2.0/,influenZia marketing,Probando BKOOL
bicycle,Bicycle,049b2fae5ca8aa8b,https://c5.staticflickr.com/1/41/82903264_5dd277c32d_z.jpg,https://c4.staticflickr.com/1/41/82903264_5dd277c32d_o.jpg,https://creativecommons.org/licenses/by/2.0/,Christopher,He's got red boxes
bicycle,Bicycle,06070528d72660ea,https://c8.staticflickr.com/4/3555/5708252159_5b4ac86a01_z.jpg,https://c3.staticflickr.com/4/3555/5708252159_5c27082938_o.jpg,https://creativecommons.org/licenses/by/2.0/,mazaletel,new summertime ride
bicycle,Bicycle,0614bb3e0a552a9f,https://c8.staticflickr.com/9/8304/7974795099_0e473683aa_z.jpg,https://c8.staticflickr.com/9/8304/7974795099_6ff9247240_o.jpg,https://creativecommons.org/licenses/by/2.0/,Bruce Guenter,"Day 10: Grabbing some air, and some looks"
bicycle,Bicycle,0649557c211985bd,https://c3.staticflickr.com/4/3207/2597662010_889e445e79_z.jpg,https://c6.staticflickr.com/4/3207/2597662010_ef4f348629_o.jpg,https://creativecommons.org/licenses/by/2.0/,Shlomi Fish,Father and Daughter Rollerblading - 2
bird,Bird,01bbd516e7a1f404,https://c4.staticflickr.com/1/160/427485954_602674f465_z.jpg,https://farm5.staticflickr.com/160/427485954_413004effc_o.jpg,https://creativecommons.org/licenses/by/2.0/,Raúl Juliá,Condor - Colca Canyon-
bird,Bird,0237469006b0f3f4,https://c6.staticflickr.com/8/7062/7123583061_e8fd529657_z.jpg,https://farm5.staticflickr.com/7062/7123583061_04c3776a41_o.jpg,https://creativecommons.org/licenses/by/2.0/,@TripDawg,Pretty Pelican
bird,Bird,0274c6ca36923bbf,https://c5.staticflickr.com/8/7652/16616665038_b8087f7cd6_z.jpg,https://c8.staticflickr.com/8/7652/16616665038_4474ca3d4d_o.jpg,https://creativecommons.org/licenses/by/2.0/,gailhampshire,Ruddy Turnstone. Arenaria interpres
bird,Bird,02a0f2858f27a7ba,https://c8.staticflickr.com/1/6/86163827_253808f6d1_z.jpg?zz=1,https://c3.staticflickr.com/1/6/86163827_253808f6d1_o.jpg,https://creativecommons.org/licenses/by/2.0/,dvs,Bird
bird,Bird,02d7a944ef014462,https://c6.staticflickr.com/1/358/18800415243_40eb79dbee_z.jpg,https://farm3.staticflickr.com/358/18800415243_a9ec78083c_o.jpg,https://creativecommons.org/licenses/by/2.0/,HarmonyonPlanetEarth,Violet-green Swallow | Gila River Bird Habitat | Gila National Forest | NM  | 2015-06-18at11-43-0511
bird,Bird,031720efe00a754b,https://c4.staticflickr.com/2/1134/526377705_6d09c982e9_z.jpg?zz=1,https://c4.staticflickr.com/2/1134/526377705_6d2500db8e_o.jpg,https://creativecommons.org/licenses/by/2.0/,Dennis Hill,fp060207-09
bird,Bird,05887f57bc232041,https://c8.staticflickr.com/9/8089/8563713952_23390fb7f5_z.jpg,https://farm2.staticflickr.com/8089/8563713952_b50c07f252_o.jpg,https://creativecommons.org/licenses/by/2.0/,Josh Grenier,Houston Zoo 3-12-2013-8
bird,Bird,05d58d655a672dbe,https://c2.staticflickr.com/6/5016/5516354872_19f9dcc3d0_z.jpg,https://c7.staticflickr.com/6/5016/5516354872_fb1ff6ff34_o.jpg,https://creativecommons.org/licenses/by/2.0/,Alek-z,fiery billed Arecari
book,Book,0a3873442ad329c2,https://c6.staticflickr.com/6/5512/10019561865_7041390b03_z.jpg,https://farm3.staticflickr.com/5512/10019561865_908b579b55_o.jpg,https://creativecommons.org/licenses/by/2.0/,The Huntington,Waintrup_062_8826
book,Book,0dbd358b804cdc0d,https://c4.staticflickr.com/5/4101/4885058675_7c3c588234_z.jpg,https://c6.staticflickr.com/5/4101/4885058675_8bd0b42a5a_o.jpg,https://creativecommons.org/licenses/by/2.0/,Simon Fraser University -  University Communications,John O'Neil
book,Book,0e5613a5e521f5c5,https://c8.staticflickr.com/4/3651/3737459891_58e1fdff3b_z.jpg,https://farm6.staticflickr.com/3651/3737459891_0f04f6dfbf_o.jpg,https://creativecommons.org/licenses/by/2.0/,Shawn Hargreaves,Office (upstairs)
book,Book,15e2134bf1363429,https://c4.staticflickr.com/3/2062/5761127340_2fa0eef146_z.jpg,https://c2.staticflickr.com/3/2062/5761127340_1e8ecfc980_o.jpg,https://creativecommons.org/licenses/by/2.0/,Abi Porter,tuesday
book,Book,19822f5f6db7de1f,https://c4.staticflickr.com/1/169/434093439_9eb5cc028c_z.jpg,https://c8.staticflickr.com/1/169/434093439_92438cdedf_o.jpg,https://creativecommons.org/licenses/by/2.0/,Jo Guldi,From the Prelinger
bottle,Bottle,00a36f96e31731c4,https://c3.staticflickr.com/9/8207/8289365270_82b20ef781_z.jpg,https://farm5.staticflickr.com/8207/8289365270_38b682a286_o.jpg,https://creativecommons.org/licenses/by/2.0/,Johan Larsson,Untitled
bottle,Bottle,02deba0102b5ce2a,https://c6.staticflickr.com/4/3606/3462051499_e498f2c5d7_z.jpg,https://c3.staticflickr.com/4/3606/3462051499_8bc944ab15_o.jpg,https://creativecommons.org/licenses/by/2.0/,Shinji,ck one
bottle,Bottle,031244297d177089,https://c5.staticflickr.com/5/4051/4685520190_2c48168f3b_z.jpg,https://c2.staticflickr.com/5/4051/4685520190_97ac0a9776_o.jpg,https://creativecommons.org/licenses/by/2.0/,snowpea&amp;bokchoi,Alcohol for the Bisque
bottle,Bottle,049720d842de2d3e,https://c7.staticflickr.com/4/3168/2711174297_cdb79e0323_z.jpg?zz=1,https://c7.staticflickr.com/4/3168/2711174297_1f26538214_o.jpg,https://creativecommons.org/licenses/by/2.0/,José Antonio Alonso,Švyturys
bottle,Bottle,04d9284ebdc41aeb,https://c5.staticflickr.com/4/3454/3361175734_52e7f2d46e_z.jpg,https://c4.staticflickr.com/4/3454/3361175734_be3f97d754_o.jpg,https://creativecommons.org/licenses/by/2.0/,Adrian Price,Big Cock-Red
bottle,Bottle,06a4a9b49707a673,https://c1.staticflickr.com/6/5322/18652316279_20f86dc40b_z.jpg,https://farm4.staticflickr.com/5322/18652316279_9bcffa7024_o.jpg,https://creativecommons.org/licenses/by/2.0/,Emily May,Gift Guide: The NICU Mom
bottle,Bottle,07f328166c0ebbf7,https://c8.staticflickr.com/4/3139/2923083907_4f96b0b4d4_z.jpg,https://farm8.staticflickr.com/3139/2923083907_88b3ab52f7_o.jpg,https://creativecommons.org/licenses/by/2.0/,Beatrice Murch,PowerPuffGirl among the drinks
building,Building,001840a807e454c7,https://c7.staticflickr.com/6/5220/5440916079_4ba6b0e5cf_z.jpg,https://farm8.staticflickr.com/5220/5440916079_e0d997a078_o.jpg,https://creativecommons.org/licenses/by/2.0/,John Fleskowitz,shopping-mall
building,Building,006c8ac9b5e6906a,https://c7.staticflickr.com/3/2277/2330112627_f84f15c2f3_z.jpg?zz=1,https://c3.staticflickr.com/3/2277/2330112627_2f520f1dce_o.jpg,https://creativecommons.org/licenses/by/2.0/,Christine und Hagen Graf,ham storage
building,Building,006f87bf928f9ba3,https://c8.staticflickr.com/7/6196/6098643678_fc8044b5ac_z.jpg,https://farm4.staticflickr.com/6196/6098643678_2bc80ac753_o.jpg,https://creativecommons.org/licenses/by/2.0/,lam_chihang,2011_08_26_IMG_1885
building,Building,00794645d77184eb,https://c1.staticflickr.com/4/3932/15256561208_881fdb1641_z.jpg,https://c4.staticflickr.com/4/3932/15256561208_17c0f4c46c_o.jpg,https://creativecommons.org/licenses/by/2.0/,Steven Pisano,Brooklyn Street Scenes
building,Building,00b4064b073e51f3,https://c8.staticflickr.com/1/344/19263579718_6b33cf5063_z.jpg,https://farm4.staticflickr.com/344/19263579718_895a512055_o.jpg,https://creativecommons.org/licenses/by/2.0/,Ken Ratcliff,SAM_2664 (1) astoria market
building,Building,00d33e05424ff8cc,https://c1.staticflickr.com/8/7384/16513473865_746970dc51_z.jpg,https://c5.staticflickr.com/8/7384/16513473865_2c080d3649_o.jpg,https://creativecommons.org/licenses/by/2.0/,Maryland GovPics,State of the Judiciary
building,Building,00e36460e7a9adde,https://c4.staticflickr.com/6/5142/5612907125_46ce189039_z.jpg,https://c7.staticflickr.com/6/5142/5612907125_1d110cd391_o.jpg,https://creativecommons.org/licenses/by/2.0/,Maia Duerr,"San Francisco, under the Golden Gate Bridge"
building,Building,00e8e1122ed9f31c,https://c3.staticflickr.com/3/2810/9193525217_7db1223047_z.jpg,https://c5.staticflickr.com/3/2810/9193525217_09f33eaa8a_o.jpg,https://creativecommons.org/licenses/by/2.0/,Idaho National Laboratory,Advanced Test Reactor maintenance
bus,Bus,002f8241bd829022,https://c4.staticflickr.com/2/1038/987060274_0e498133d4_z.jpg?zz=1,https://farm3.staticflickr.com/1038/987060274_102e7b91b3_o.jpg,https://creativecommons.org/licenses/by/2.0/,Joel Dueck,Aug02_005
bus,Bus,013b99371484d3d5,https://c6.staticflickr.com/2/1263/5161343119_047d23a21c_z.jpg,https://farm6.staticflickr.com/1263/5161343119_7ca44a34ee_o.jpg,https://creativecommons.org/licenses/by/2.0/,Matt Davis,YK05 CDU at Lewes Bus Station
bus,Bus,02717d30304f4849,https://c6.staticflickr.com/3/2324/2467246951_de5a47d4ce_z.jpg,https://c2.staticflickr.com/3/2324/2467246951_60a97fdb38_o.jpg,https://creativecommons.org/licenses/by/2.0/,Terry Whalebone,Preserved Bristol single-decker
bus,Bus,04c9d21d307621e7,https://c4.staticflickr.com/2/1318/684137659_17632557cd_z.jpg,https://farm8.staticflickr.com/1318/684137659_7a6431bc40_o.jpg,https://creativecommons.org/licenses/by/2.0/,Rene Schwietzke,"Seashore Trolley Museum Kennebunkport, Maine"
bus,Bus,0b2167c3a726f68a,https://c1.staticflickr.com/7/6154/6175078396_df964ae89c_z.jpg,https://c3.staticflickr.com/7/6154/6175078396_80e27c12e5_o.jpg,https://creativecommons.org/licenses/by/2.0/,Brian Eager,fico van combi
bus,Bus,11fc59bf4449b19d,https://c1.staticflickr.com/5/4076/4794962804_50e7797d94_z.jpg,https://c6.staticflickr.com/5/4076/4794962804_2768822908_o.jpg,https://creativecommons.org/licenses/by/2.0/,Glen,RF28 at Gravesend Classic Bus Day
bus,Bus,186d668b88451394,https://c4.staticflickr.com/7/6096/6227579931_2ae35bf008_z.jpg,https://farm5.staticflickr.com/6096/6227579931_f57dc8651d_o.jpg,https://creativecommons.org/licenses/by/2.0/,Rusty Clark - On the Air M-F 8am-noon,Hampton Ponds - Westfield MA
cake,Cake,004e21eb2e686f40,https://c8.staticflickr.com/1/162/421788693_76f724ae5a_z.jpg,https://farm1.staticflickr.com/162/421788693_bb34d5403a_o.jpg,https://creativecommons.org/licenses/by/2.0/,Ryosuke Hosoi,ひな祭りケーキ
cake,Cake,020ec13b99e2bf0c,https://c8.staticflickr.com/4/3218/3099288480_6e28f88358_z.jpg,https://c5.staticflickr.com/4/3218/3099288480_8cc04bf666_o.jpg,https://creativecommons.org/licenses/by/2.0/,Claudia_midori,Cheesecake de doce de leite
cake,Cake,0318f95922cc7e6c,https://c4.staticflickr.com/3/2170/1594706439_7a57d5cfa0_z.jpg,https://c5.staticflickr.com/3/2170/1594706439_7c1f91982a_o.jpg,https://creativecommons.org/licenses/by/2.0/,Luz,Tooting the horn....
cake,Cake,05758edaa042618a,https://c4.staticflickr.com/6/5320/7400308394_7ea16ee379_z.jpg,https://c3.staticflickr.com/6/5320/7400308394_d4c62ea195_o.jpg,https://creativecommons.org/licenses/by/2.0/,helen,Mocha cake
cake,Cake,068b26a89e45a77b,https://c7.staticflickr.com/5/4077/4870670976_4ce81ae885_z.jpg,https://c4.staticflickr.com/5/4077/4870670976_c5da3a96b9_o.jpg,https://creativecommons.org/licenses/by/2.0/,Shannon,Rainbow food
cake,Cake,073c0119516166a3,https://c2.staticflickr.com/9/8215/8436827452_bd0a56e20b_z.jpg,https://farm4.staticflickr.com/8215/8436827452_697c243686_o.jpg,https://creativecommons.org/licenses/by/2.0/,Benny&#x27;s Chop House,Carrot Cake by Pastry Chef Aaron Lindgren
car,Car,001083f05db4352b,https://c3.staticflickr.com/6/5742/20795376805_7d3aabfce1_z.jpg,https://c4.staticflickr.com/6/5742/20795376805_903e9cc61d_o.jpg,https://creativecommons.org/licenses/by/2.0/,Automobile Italia,A Pebble Beach in California le auto più belle
car,Car,001a794d1865ee47,https://c5.staticflickr.com/6/5010/5336089950_d2f4618519_z.jpg,https://farm8.staticflickr.com/5010/5336089950_606e26141f_o.jpg,https://creativecommons.org/licenses/by/2.0/,Jonny White,Racing Green
car,Car,001a809ad40a2f84,https://c1.staticflickr.com/6/5015/5484042252_37ce385b5f_z.jpg,https://farm5.staticflickr.com/5015/5484042252_fb18ee96aa_o.jpg,https://creativecommons.org/licenses/by/2.0/,Michael Gil,2011 Volvo S60 T5
car,Car,0022e32008e479cb,https://c3.staticflickr.com/6/5554/14831520944_98d248c4d2_z.jpg,https://c4.staticflickr.com/6/5554/14831520944_3c15854683_o.jpg,https://creativecommons.org/licenses/by/2.0/,Weldon Warren,Scan-140804-0010invertcorrect
car,Car,00230c216711fceb,https://c7.staticflickr.com/1/44/144429519_9567ff4044_z.jpg,https://c4.staticflickr.com/1/44/144429519_9567ff4044_o.jpg,https://creativecommons.org/licenses/by/2.0/,陳 清,Ruf BTR
car,Car,003132be85a0beae,https://c6.staticflickr.com/6/5064/5763085728_cd042a4cb0_z.jpg,https://c7.staticflickr.com/6/5064/5763085728_12945f2ebd_o.jpg,https://creativecommons.org/licenses/by/2.0/,Hector Alejandro,Jared's Civic 85.jpg
car,Car,003a5aaf6d17c917,https://c2.staticflickr.com/6/5013/5466970559_0f7b06bcd6_z.jpg,https://farm8.staticflickr.com/5013/5466970559_02db368cea_o.jpg,https://creativecommons.org/licenses/by/2.0/,Kalvin Chan,IMG_1586
cat,Cat,039beb511fd1e7f7,https://c7.staticflickr.com/3/2509/3703720579_4a2cf4af15_z.jpg,https://farm8.staticflickr.com/2509/3703720579_814121cc81_o.jpg,https://creativecommons.org/licenses/by/2.0/,Jérôme Decq,Pink our new cat
cat,Cat,03ff0c4a800af9ec,https://c6.staticflickr.com/2/1342/4730790029_bdc24fcb8c_z.jpg,https://c5.staticflickr.com/2/1342/4730790029_40b821b23f_o.jpg,https://creativecommons.org/licenses/by/2.0/,Bradley Gordon,a cat roaming the streets at sunpoint (2)
cat,Cat,040983ac9ee15126,https://c2.staticflickr.com/4/3815/12570366253_52905ec5a1_z.jpg,https://farm7.staticflickr.com/3815/12570366253_566b6dbf35_o.jpg,https://creativecommons.org/licenses/by/2.0/,"Chrismatos ♥90% OFF, sorry",&quot;Sweet Face...&quot;
cat,Cat,0413f9c94df7ebcb,https://c3.staticflickr.com/1/219/449567850_48a3c60a6f_z.jpg,https://c4.staticflickr.com/1/219/449567850_6b1db0f16d_o.jpg,https://creativecommons.org/licenses/by/2.0/,J,Ziggy was named after Ziggy Stardust
cat,Cat,05455df7c2b08919,https://c6.staticflickr.com/9/8527/8464801471_b2b61acc7b_z.jpg,https://c2.staticflickr.com/9/8527/8464801471_5560e7e16e_o.jpg,https://creativecommons.org/licenses/by/2.0/,zeevveez,My NEW Flash (1)
chair,Chair,02d3d8579d152a67,https://c7.staticflickr.com/1/695/21478594763_d8abdf57c7_z.jpg,https://farm8.staticflickr.com/695/21478594763_5ed4b819be_o.jpg,https://creativecommons.org/licenses/by/2.0/,Tracy Hunter,Charles and Ray Eames Exhitbit
chair,Chair,06e011fbb8d24f19,https://c2.staticflickr.com/1/75/201886963_2f8fd92f05_z.jpg?zz=1,https://c2.staticflickr.com/1/75/201886963_2f8fd92f05_o.jpg,https://creativecommons.org/licenses/by/2.0/,*pascal*,Cherchez l'intru
chair,Chair,098456de2b81fc7b,https://c2.staticflickr.com/1/652/20740685726_b145fc9dc8_z.jpg,https://c4.staticflickr.com/1/652/20740685726_b0b41aff8a_o.jpg,https://creativecommons.org/licenses/by/2.0/,Richard Eriksson,Photo
chair,Chair,09e094375efab7fe,https://c8.staticflickr.com/4/3245/2756964116_d3d43d6be9_z.jpg,https://c7.staticflickr.com/4/3245/2756964116_63b981995c_o.jpg,https://creativecommons.org/licenses/by/2.0/,Ed S. Johovac,Dialysis 1
chair,Chair,09e617d9d3120b32,https://c8.staticflickr.com/3/2896/14558503018_891096d5cb_z.jpg,https://farm3.staticflickr.com/2896/14558503018_94626e1db9_o.jpg,https://creativecommons.org/licenses/by/2.0/,Leo Rey,Stephanie
couch,Couch,0f731adcd7458c2b,https://c2.staticflickr.com/2/1011/1366157429_ac290b81e8_z.jpg,https://c4.staticflickr.com/2/1011/1366157429_9cc695fff7_o.jpg,https://creativecommons.org/licenses/by/2.0/,fnstein,who are u lookin at
couch,Couch,115ca6aa3522da5a,https://c2.staticflickr.com/4/3325/3177600926_2f3d00463b_z.jpg?zz=1,https://c3.staticflickr.com/4/3325/3177600926_fa43ac3593_o.jpg,https://creativecommons.org/licenses/by/2.0/,ruben van eijk,@bjorn's
couch,Couch,1250a079d3fbd919,https://c3.staticflickr.com/4/3072/2982458541_1a5c5105cb_z.jpg,https://c2.staticflickr.com/4/3072/2982458541_e76cd94f2c_o.jpg,https://creativecommons.org/licenses/by/2.0/,Pedro Lopez,101
couch,Couch,15f0965b63397a40,https://c4.staticflickr.com/1/644/20059027984_440440cc0e_z.jpg,https://farm1.staticflickr.com/644/20059027984_86d1578a16_o.jpg,https://creativecommons.org/licenses/by/2.0/,Jean-Pierre Dalbéra,"La chambre d'esthétique De Stijl (Villa Cavrois, Croix)"
couch,Couch,248b5f914b325928,https://c7.staticflickr.com/6/5494/11584750046_c9ca8570f8_z.jpg,https://c1.staticflickr.com/6/5494/11584750046_553d3086f3_o.jpg,https://creativecommons.org/licenses/by/2.0/,Vince Smith,Christmas 2013 at the Smith's
dog,Dog,0007cebe1b2ba653,https://c5.staticflickr.com/2/1244/677743874_168dcb5ed1_z.jpg,https://farm4.staticflickr.com/1244/677743874_90faf2d8db_o.jpg,https://creativecommons.org/licenses/by/2.0/,raphaelstrada,Untitled
dog,Dog,0007d6cf88afaa4a,https://c7.staticflickr.com/4/3750/9031823026_3e55960d76_z.jpg,https://c3.staticflickr.com/4/3750/9031823026_48ebe4d436_o.jpg,https://creativecommons.org/licenses/by/2.0/,Aditya Karnad,Samay - the hunting dog
dog,Dog,000c4d66ce89aa69,https://c3.staticflickr.com/4/3113/3197300261_4e5e9c5e3e_z.jpg,https://c2.staticflickr.com/4/3113/3197300261_c9a0d7ee93_o.jpg,https://creativecommons.org/licenses/by/2.0/,Floriana,zoe mangia la neve
dog,Dog,00493fdf106b5fdf,https://c8.staticflickr.com/9/8301/7928462126_bb6f3a98bf_z.jpg,https://c8.staticflickr.com/9/8301/7928462126_3065435413_o.jpg,https://creativecommons.org/licenses/by/2.0/,contraption,it's a puppy
dog,Dog,00991ee13e849b07,https://c1.staticflickr.com/1/15/19283436_772222a19e_z.jpg,https://farm8.staticflickr.com/15/19283436_772222a19e_o.jpg,https://creativecommons.org/licenses/by/2.0/,emdot,calvin was kung fu fighting / this dog was fast as lightning
dog,Dog,00d3653a790b5fba,https://c3.staticflickr.com/4/3885/14869105327_a74f23fa8a_z.jpg,https://c3.staticflickr.com/4/3885/14869105327_5e739df2d7_o.jpg,https://creativecommons.org/licenses/by/2.0/,Cynthia Typaldos,"&quot;Elon&quot; ID A123651 EUTH SCHED AUG 28, 2014"
flower,Flower,001a78754e43abc5,https://c1.staticflickr.com/5/4026/5135785422_1c15e2fa61_z.jpg,https://farm6.staticflickr.com/4026/5135785422_37d805bd22_o.jpg,https://creativecommons.org/licenses/by/2.0/,othree,駁二藝術特區
flower,Flower,00a0b916fd5941a3,https://c4.staticflickr.com/8/7293/8745465414_14f65f46d2_z.jpg,https://farm4.staticflickr.com/7293/8745465414_d68295e25e_o.jpg,https://creativecommons.org/licenses/by/2.0/,inyucho,Hills near Pisa
flower,Flower,00abfe9035972732,https://c7.staticflickr.com/1/225/497488017_31de2e1fd1_z.jpg?zz=1,https://farm3.staticflickr.com/225/497488017_fdf1db7bbe_o.jpg,https://creativecommons.org/licenses/by/2.0/,umjanedoan,Tropical tree environment
flower,Flower,00d962525f1ea4e7,https://c3.staticflickr.com/7/6054/6276108767_bd0cdf909e_z.jpg,https://farm8.staticflickr.com/6054/6276108767_63f607a909_o.jpg,https://creativecommons.org/licenses/by/2.0/,no prev,normal_1319463631.547224
flower,Flower,0120b68b17927977,https://c4.staticflickr.com/1/177/431884152_0572a89770_z.jpg?zz=1,https://farm8.staticflickr.com/177/431884152_5b98b1c364_o.jpg,https://creativecommons.org/licenses/by/2.0/,Paula Martins,Ana - February 2007
house,House,00f695485d605b32,https://c5.staticflickr.com/1/207/447606664_8fcf493c90_z.jpg?zz=1,https://farm3.staticflickr.com/207/447606664_af4928518f_o.jpg,https://creativecommons.org/licenses/by/2.0/,derek rose,"hotel costa linda, venezuela"
house,House,00fe64cf0eedb1cb,https://c3.staticflickr.com/3/2714/4357770015_cd48cfc1e4_z.jpg,https://c4.staticflickr.com/3/2714/4357770015_43d5e30cd8_o.jpg,https://creativecommons.org/licenses/by/2.0/,Robert Michalove,cabin-grass
house,House,019347cc4772963d,https://c3.staticflickr.com/6/5015/5471969983_82223ab03a_z.jpg,https://c6.staticflickr.com/6/5015/5471969983_a1c57ea2ee_o.jpg,https://creativecommons.org/licenses/by/2.0/,Mark McElroy,Grand Turk Swim-Up Bar
house,House,03edd1fdd321dd39,https://c4.staticflickr.com/4/3038/3022479439_fae8b66e7f_z.jpg,https://c2.staticflickr.com/4/3038/3022479439_a81303ddc3_o.jpg,https://creativecommons.org/licenses/by/2.0/,Anna Oakley,The brickies lay the final couple of courses of blocks
house,House,04256099a6f9032f,https://c1.staticflickr.com/4/3900/15024388121_9739de9867_z.jpg,https://c8.staticflickr.com/4/3900/15024388121_6e7a6fd9d9_o.jpg,https://creativecommons.org/licenses/by/2.0/,Doni Fernandes,Lago Beto Carreiro
ice_cream,Ice cream,02f799c1a430907e,https://c4.staticflickr.com/1/4/3942841_92862bb843_z.jpg,https://c7.staticflickr.com/1/4/3942841_92862bb843_o.jpg,https://creativecommons.org/licenses/by/2.0/,~crystalina~,One of the 31 flavours
ice_cream,Ice cream,04f943d73c5fc12f,https://c5.staticflickr.com/8/7494/15082459134_9800f38b91_z.jpg,https://c8.staticflickr.com/8/7494/15082459134_31d8bf7ac7_o.jpg,https://creativecommons.org/licenses/by/2.0/,Chris Owen,I'm thinking this one must be chocolate - votes?  Via the #SeabournFoodandWineCruise
ice_cream,Ice cream,079d870c5c5a2b71,https://c6.staticflickr.com/4/3221/3003222600_f863e0a0ca_z.jpg,https://farm2.staticflickr.com/3221/3003222600_ba5e60746f_o.jpg,https://creativecommons.org/licenses/by/2.0/,John Ong,Halo-halo
ice_cream,Ice cream,08c050c6e87b4899,https://c1.staticflickr.com/5/4101/4763838445_7166f41ed8_z.jpg,https://c2.staticflickr.com/5/4101/4763838445_33bdb83ab4_o.jpg,https://creativecommons.org/licenses/by/2.0/,DeepBluC,Knickerbocker Glory
ice_cream,Ice cream,0b84dd5fb16cfde3,https://c1.staticflickr.com/2/1245/1186721095_5cd9d78df3_z.jpg?zz=1,https://farm4.staticflickr.com/1245/1186721095_d0d015f73d_o.jpg,https://creativecommons.org/licenses/by/2.0/,Hajime NAKANO,"dinner @ diamond head (tsukishima, tokyo) だいやもんどへっど(月島)"
ice_cream,Ice cream,0e62728e18e91414,https://c1.staticflickr.com/4/3802/18600409864_cdf036f887_z.jpg,https://farm5.staticflickr.com/3802/18600409864_7a9b34d469_o.jpg,https://creativecommons.org/licenses/by/2.0/,AngryJulieMonday,"Ended up @farrellsusa for dinner tonight. We all know I wasn't really there for the dinner, but rather...the dessert! #farrells"
ice_cream,Ice cream,0e72dd8b4f71d1db,https://c1.staticflickr.com/9/8177/8055316936_016f620c9f_z.jpg,https://c4.staticflickr.com/9/8177/8055316936_7a8eb132da_o.jpg,https://creativecommons.org/licenses/by/2.0/,angela n.,Pazzo Gelato
laptop,Laptop,0421a6e230527185,https://c2.staticflickr.com/3/2556/3861904561_43ec5234a7_z.jpg,https://farm6.staticflickr.com/2556/3861904561_c1c2d8925f_o.jpg,https://creativecommons.org/licenses/by/2.0/,Esparta Palma,Windows 7 + MacBook
laptop,Laptop,09ea349ee555b61d,https://c6.staticflickr.com/6/5031/5871553771_c3996648b8_z.jpg,https://c6.staticflickr.com/6/5031/5871553771_8e637f5473_o.jpg,https://creativecommons.org/licenses/by/2.0/,Aaron Parecki,IndieWebCamp 2011
laptop,Laptop,0e09767b7dab9237,https://c3.staticflickr.com/1/26/59504871_e9573f9cda_z.jpg?zz=1,https://farm8.staticflickr.com/26/59504871_e9573f9cda_o.jpg,https://creativecommons.org/licenses/by/2.0/,fly,Baby
laptop,Laptop,14be91e9e9170798,https://c3.staticflickr.com/3/2137/2403410016_5462f02f1c_z.jpg?zz=1,https://farm3.staticflickr.com/2137/2403410016_922c878c6c_o.jpg,https://creativecommons.org/licenses/by/2.0/,Guwashi999,HP200LX Keyboard
laptop,Laptop,16bb316c7c76b5a5,https://c4.staticflickr.com/1/47/141738938_5812ae475d_z.jpg,https://farm6.staticflickr.com/47/141738938_5812ae475d_o.jpg,https://creativecommons.org/licenses/by/2.0/,Jakob Montrasio,HDR 01 - My Desktop. Gotta clean it sometime...
laptop,Laptop,3fe67f409f9db441,https://c2.staticflickr.com/8/7479/15879582867_9fe6fe36d5_z.jpg,https://farm2.staticflickr.com/7479/15879582867_39ee828a67_o.jpg,https://creativecommons.org/licenses/by/2.0/,danzE26,mika
laptop,Laptop,403656193dc35cad,https://c5.staticflickr.com/9/8292/7775526472_eab5ff9ff1_z.jpg,https://c6.staticflickr.com/9/8292/7775526472_ef4363719b_o.jpg,https://creativecommons.org/licenses/by/2.0/,makototakeuchi,OpenBeacon development setup.
mobile_phone,Mobile phone,043f3655deab6e7c,https://c8.staticflickr.com/5/4029/4581311847_b18df31dce_z.jpg,https://c5.staticflickr.com/5/4029/4581311847_312c285de6_o.jpg,https://creativecommons.org/licenses/by/2.0/,David Goehring,Doodle Jumper
mobile_phone,Mobile phone,0c5dc73c4cb7559b,https://c1.staticflickr.com/6/5593/15002109112_445dddbae1_z.jpg,https://c4.staticflickr.com/6/5593/15002109112_9e52abd4be_o.jpg,https://creativecommons.org/licenses/by/2.0/,Mapbox,Chimani_Blog
mobile_phone,Mobile phone,0d4d1169ecf7e56e,https://c3.staticflickr.com/5/4125/5083490612_a87519867e_z.jpg,https://c7.staticflickr.com/5/4125/5083490612_afb843f145_o.jpg,https://creativecommons.org/licenses/by/2.0/,bfishadow,Kindle Pad
mobile_phone,Mobile phone,10dda8b9e1534f15,https://c7.staticflickr.com/5/4013/4548634745_05d1e04e4e_z.jpg,https://farm6.staticflickr.com/4013/4548634745_977535091a_o.jpg,https://creativecommons.org/licenses/by/2.0/,Ian Lamont,iPod touch (2009) and iPod nano (2006)
mobile_phone,Mobile phone,12e529ac3ceecdb3,https://c7.staticflickr.com/6/5289/5344733213_db6e37012d_z.jpg,https://farm4.staticflickr.com/5289/5344733213_6f2ec31240_o.jpg,https://creativecommons.org/licenses/by/2.0/,Michael Ocampo,Apple iPod Touch 4th Generation
motorcycle,Motorcycle,001a995c1e25d892,https://c6.staticflickr.com/8/7159/6455790903_1a152abe1f_z.jpg,https://farm3.staticflickr.com/7159/6455790903_28b7e54437_o.jpg,https://creativecommons.org/licenses/by/2.0/,Guimaraes Filho,Moto harley-davidson-vrod-tecnobike-img01
motorcycle,Motorcycle,0386a1c1ca5b2da7,https://c8.staticflickr.com/1/20/70577182_92836fe305_z.jpg?zz=1,https://farm8.staticflickr.com/20/70577182_92836fe305_o.jpg,https://creativecommons.org/licenses/by/2.0/,Ben Sutherland,Kuching fruit market
motorcycle,Motorcycle,0b1b5201aa2c620f,https://c6.staticflickr.com/3/2509/3686869673_66108723d3_z.jpg,https://c8.staticflickr.com/3/2509/3686869673_452f46d10f_o.jpg,https://creativecommons.org/licenses/by/2.0/,mrpbps,Clamped Motorbike
motorcycle,Motorcycle,0c08c1a56daae22a,https://c3.staticflickr.com/1/460/19474810921_d2f23de0fc_z.jpg,https://c3.staticflickr.com/1/460/19474810921_a311c4d0d8_o.jpg,https://creativecommons.org/licenses/by/2.0/,ben wiseley,IMG_4314.jpg
motorcycle,Motorcycle,0f1ff2eae5a3c919,https://c4.staticflickr.com/3/2650/4108216449_7a5dc02a8a_z.jpg,https://c2.staticflickr.com/3/2650/4108216449_805c11afd5_o.jpg,https://creativecommons.org/licenses/by/2.0/,Stephen Hucker,15.11.2009 10-19-53 Great Ocean Road - Blanket Bay Fishing Trip
motorcycle,Motorcycle,16349005622c6450,https://c5.staticflickr.com/3/2660/3725089974_e9aa57bdc3_z.jpg,https://farm1.staticflickr.com/2660/3725089974_f8d8a0c8d5_o.jpg,https://creativecommons.org/licenses/by/2.0/,diaper,Old school bike and side car
motorcycle,Motorcycle,1669479168968bcc,https://c4.staticflickr.com/3/2937/14265143426_0770389597_z.jpg,https://c5.staticflickr.com/3/2937/14265143426_45f378ae9f_o.jpg,https://creativecommons.org/licenses/by/2.0/,Bob Haarmans,Taking The  Dog For A Ride!
person,Person,000a1249af2bc5f0,https://c1.staticflickr.com/9/8087/8563450894_0b57eb01b3_z.jpg,https://farm1.staticflickr.com/8087/8563450894_8f2fda7196_o.jpg,https://creativecommons.org/licenses/by/2.0/,Almas Baig,Wedding Ring
person,Person,001997021f01f208,https://c1.staticflickr.com/3/2210/5788261398_dbd4dc9785_z.jpg,https://c1.staticflickr.com/3/2210/5788261398_9644922fc0_o.jpg,https://creativecommons.org/licenses/by/2.0/,Otakumunidad Damned,Manu López &quot;Kuroudi&quot;
person,Person,0047534bb816eb48,https://c1.staticflickr.com/4/3415/3561851698_108146237a_z.jpg,https://c1.staticflickr.com/4/3415/3561851698_f65393ea14_o.jpg,https://creativecommons.org/licenses/by/2.0/,Hsing Wei,playground made of sticks
pizza,Pizza,006389262f7ba7f1,https://c4.staticflickr.com/4/3852/14669025680_b8ed92b16c_z.jpg,https://farm2.staticflickr.com/3852/14669025680_bf1ec0e606_o.jpg,https://creativecommons.org/licenses/by/2.0/,Steve Cavers,"Too many pizzas? Yes. Beef, 'shrooms, onion, garlic, & avocado."
pizza,Pizza,0069e8be6d4f66f0,https://c4.staticflickr.com/4/3314/3453989964_5379f19114_z.jpg,https://farm1.staticflickr.com/3314/3453989964_ee0e5ba84c_o.jpg,https://creativecommons.org/licenses/by/2.0/,Cristiano Betta,Pizza
pizza,Pizza,04835d2d8eb828f1,https://c6.staticflickr.com/2/1230/1251187022_9c611920d4_z.jpg,https://farm2.staticflickr.com/1230/1251187022_f85e4f10ae_o.jpg,https://creativecommons.org/licenses/by/2.0/,Jessica Spengler,Lasagne
pizza,Pizza,059bbdbdb843af6a,https://c5.staticflickr.com/6/5454/7056941345_c541cd62d7_z.jpg,https://c3.staticflickr.com/6/5454/7056941345_26b9cb4774_o.jpg,https://creativecommons.org/licenses/by/2.0/,moedusa,IMG_20120408_181206
pizza,Pizza,0cf55e9f5c710686,https://c6.staticflickr.com/5/4097/4813933834_646416b305_z.jpg,https://farm7.staticflickr.com/4097/4813933834_9c6f60b558_o.jpg,https://creativecommons.org/licenses/by/2.0/,Yusuke Kawasaki,IMGP5864
pizza,Pizza,103cadacd19f2c80,https://c5.staticflickr.com/7/6012/5928133509_a7c1141d3b_z.jpg,https://farm1.staticflickr.com/6012/5928133509_d93d89237c_o.jpg,https://creativecommons.org/licenses/by/2.0/,AnneCN,Our pizza at Scornovaccos - so good
pizza,Pizza,1047925fd28f2b9f,https://c4.staticflickr.com/4/3643/3449328732_293af5b451_z.jpg,https://c8.staticflickr.com/4/3643/3449328732_a2abf331ab_o.jpg,https://creativecommons.org/licenses/by/2.0/,Shoshanah,"Half pepperoni; Half feta, olive, and roasted red pepper"
table,Table,003775320f1d6937,https://c3.staticflickr.com/8/7041/7026265947_72baafbd9e_z.jpg,https://farm8.staticflickr.com/7041/7026265947_477770eae3_o.jpg,https://creativecommons.org/licenses/by/2.0/,wemissedthebus,Kings casino St Johns Antigua
table,Table,0256e00527830a41,https://c7.staticflickr.com/6/5610/15324795487_98e9140985_z.jpg,https://farm2.staticflickr.com/5610/15324795487_1761f319f5_o.jpg,https://creativecommons.org/licenses/by/2.0/,Docking Bay 93,Garth Nix
tree,Tree,0032257bf3cd56d0,https://c8.staticflickr.com/5/4127/5219758675_f769689a9c_z.jpg,https://farm1.staticflickr.com/4127/5219758675_8b5cb85ba5_o.jpg,https://creativecommons.org/licenses/by/2.0/,joaquin uy,Untitled
tree,Tree,003e1e6baff436f7,https://c3.staticflickr.com/1/98/226649143_6475a1d382_z.jpg?zz=1,https://farm8.staticflickr.com/98/226649143_6475a1d382_o.jpg,https://creativecommons.org/licenses/by/2.0/,Mark Anderson,IMG_1823.JPG
tree,Tree,004a9412eb1a83e8,https://c6.staticflickr.com/4/3008/2851410711_121f8aaec7_z.jpg,https://c1.staticflickr.com/4/3008/2851410711_0eb3d2a8ea_o.jpg,https://creativecommons.org/licenses/by/2.0/,Ruben Garcia,Arbol de colores
tree,Tree,00627adda9a83f9d,https://c1.staticflickr.com/5/4021/4720163310_41bc30ff08_z.jpg,https://c6.staticflickr.com/5/4021/4720163310_124520e151_o.jpg,https://creativecommons.org/licenses/by/2.0/,Ben Fitzhardinge,life from death
tree,Tree,0065e1098f7a353b,https://c6.staticflickr.com/8/7347/8721293522_61ae043474_z.jpg,https://c4.staticflickr.com/8/7347/8721293522_35d762834d_o.jpg,https://creativecommons.org/licenses/by/2.0/,Shilad Sen,Sidney mowing with Shilad
truck,Truck,02c6ba6f361a6ff2,https://c2.staticflickr.com/6/5065/5617932718_20f5385e2b_z.jpg,https://farm3.staticflickr.com/5065/5617932718_971ab2940b_o.jpg,https://creativecommons.org/licenses/by/2.0/,Patrick Feller,"1949 Dodge Pickup Truck, East End, Houston, Texas 0410111603"
truck,Truck,02da35e6e72d6816,https://c5.staticflickr.com/3/2187/2277350779_f78ee15c60_z.jpg,https://farm7.staticflickr.com/2187/2277350779_95bbedfdb1_o.jpg,https://creativecommons.org/licenses/by/2.0/,Alan Taylor,OT17
truck,Truck,060549b24a2a7b8a,https://c3.staticflickr.com/8/7182/6936766929_69ac2ea70f_z.jpg,https://c3.staticflickr.com/8/7182/6936766929_fb8bba83d0_o.jpg,https://creativecommons.org/licenses/by/2.0/,Nicholas Eckhart,"Medina, Ohio Kmart closing (former Super Kmart)"
truck,Truck,068338a53dfabda8,https://c7.staticflickr.com/6/5274/13937564507_e6d7706064_z.jpg,https://c1.staticflickr.com/6/5274/13937564507_d646c5aa65_o.jpg,https://creativecommons.org/licenses/by/2.0/,Jukka Mykkänen,Classic_Motorshow_2014_174
truck,Truck,080e040bf87a3652,https://c2.staticflickr.com/4/3343/3546811604_a2cd636f65_z.jpg,https://farm3.staticflickr.com/3343/3546811604_1ba1ed14f9_o.jpg,https://creativecommons.org/licenses/by/2.0/,CandyUSA,IMGP5142
truck,Truck,08b31c9f29c5d7b3,https://c5.staticflickr.com/8/7414/16469642055_3496146a36_z.jpg,https://farm4.staticflickr.com/7414/16469642055_a47ac6b803_o.jpg,https://creativecommons.org/licenses/by/2.0/,TuRbO_J,2014 Nissan Navara ST-R
umbrella,Umbrella,12b999f7e3b75de1,https://c2.staticflickr.com/9/8182/7934159350_a94ed8c104_z.jpg,https://farm2.staticflickr.com/8182/7934159350_58b0a97f16_o.jpg,https://creativecommons.org/licenses/by/2.0/,Bart Everson,Dinner
umbrella,Umbrella,175aa1739edb9890,https://c7.staticflickr.com/5/4087/5042126836_2acc3d2247_z.jpg,https://farm1.staticflickr.com/4087/5042126836_14ef55663c_o.jpg,https://creativecommons.org/licenses/by/2.0/,OakleyOriginals,TGIF
umbrella,Umbrella,1992db553680cac6,https://c1.staticflickr.com/9/8273/8761293735_76580fdf70_z.jpg,https://farm7.staticflickr.com/8273/8761293735_7b291b94ea_o.jpg,https://creativecommons.org/licenses/by/2.0/,tacit requiem (joanneQEscober ),geisha 2
umbrella,Umbrella,1b150af36d87a735,https://c5.staticflickr.com/2/1066/1197630656_472b2fda53_z.jpg,https://farm6.staticflickr.com/1066/1197630656_c54846f3d9_o.jpg,https://creativecommons.org/licenses/by/2.0/,Wendy Harman,Dewey Beach
umbrella,Umbrella,206983e330141abf,https://c4.staticflickr.com/9/8145/7230129288_5490af97c6_z.jpg,https://c8.staticflickr.com/9/8145/7230129288_7fcfa03b5f_o.jpg,https://creativecommons.org/licenses/by/2.0/,Rachel Kramer,Great Lakes Kite Festival 2012
umbrella,Umbrella,21c952b68141a87e,https://c7.staticflickr.com/8/7510/15763814888_a186d00e71_z.jpg,https://c7.staticflickr.com/8/7510/15763814888_5ea7b4dc40_o.jpg,https://creativecommons.org/licenses/by/2.0/,Cristian May,Reflections
umbrella,Umbrella,22009267df1eef43,https://c4.staticflickr.com/8/7071/7183451820_f6024f1b6a_z.jpg,https://farm4.staticflickr.com/7071/7183451820_9342601830_o.jpg,https://creativecommons.org/licenses/by/2.0/,Sarah_Ackerman,Maserati
umbrella,Umbrella,23a87f441fbef58b,https://c2.staticflickr.com/9/8209/8230939165_892e428d2e_z.jpg,https://c4.staticflickr.com/9/8209/8230939165_ef5a627690_o.jpg,https://creativecommons.org/licenses/by/2.0/,uponlinestore,NEW-ERA-雨傘-BANNER
